City_ID,City,Country,Date,Lat,Lng,Max Temp,Humidity,Cloudiness,Wind Speed,Current Description
0,Tuktoyaktuk,CA,2022-02-11 07:21:04,69.4541,-133.0374,-16.56,94,100,23.31,overcast clouds
1,Hobart,AU,2022-02-11 07:20:19,-42.8794,147.3294,69.03,52,20,19.57,few clouds
2,Tuatapere,NZ,2022-02-11 07:21:05,-46.1333,167.6833,59.83,80,100,8.7,overcast clouds
3,Ponta Do Sol,PT,2022-02-11 07:21:05,32.6667,-17.1,65.71,61,100,7.58,overcast clouds
4,Baykit,RU,2022-02-11 07:21:06,61.67,96.37,4.44,82,6,1.14,clear sky
5,Morgan City,US,2022-02-11 07:21:06,29.6994,-91.2068,45.03,100,0,0.0,clear sky
6,Fukue,JP,2022-02-11 07:21:06,32.6881,128.8419,50.36,66,75,6.91,broken clouds
7,Hermanus,ZA,2022-02-11 07:18:51,-34.4187,19.2345,72.9,62,0,0.34,clear sky
8,Hilo,US,2022-02-11 07:21:07,19.7297,-155.09,71.33,86,75,6.91,broken clouds
9,Puerto Ayora,EC,2022-02-11 07:21:07,-0.7393,-90.3518,74.55,93,58,4.21,broken clouds
10,Kapaa,US,2022-02-11 07:16:42,22.0752,-159.319,71.58,72,0,5.75,clear sky
11,Zeya,RU,2022-02-11 07:21:08,53.75,127.2667,8.55,66,95,4.65,overcast clouds
12,Sisimiut,GL,2022-02-11 07:19:22,66.9395,-53.6735,16.34,73,100,15.86,overcast clouds
13,Vestmanna,FO,2022-02-11 07:21:09,62.1564,-7.1664,34.72,87,75,20.71,light snow
14,Yelizovo,RU,2022-02-11 07:21:09,53.1873,158.3805,17.74,79,0,2.24,clear sky
15,Gamba,GA,2022-02-11 07:19:26,-2.65,10.0,74.68,94,100,8.34,moderate rain
16,Svetlaya,RU,2022-02-11 07:21:09,46.5389,138.3297,24.39,82,100,3.49,overcast clouds
17,Ushuaia,AR,2022-02-11 07:21:10,-54.8,-68.3,44.26,61,40,25.32,scattered clouds
18,Saint-Philippe,RE,2022-02-11 07:21:10,-21.3585,55.7679,83.75,76,58,8.37,broken clouds
19,Coquimbo,CL,2022-02-11 07:21:11,-29.9533,-71.3436,65.93,82,100,3.44,overcast clouds
20,Arraial Do Cabo,BR,2022-02-11 07:21:11,-22.9661,-42.0278,72.07,89,100,3.87,light rain
21,Vondrozo,MG,2022-02-11 07:21:11,-22.8167,47.2833,79.65,64,70,3.87,broken clouds
22,Vaini,TO,2022-02-11 07:18:45,-21.2,-175.2,75.36,100,75,11.5,moderate rain
23,Sinnamary,GF,2022-02-11 07:20:32,5.3833,-52.95,74.71,90,67,7.34,broken clouds
24,Alta Floresta,BR,2022-02-11 07:21:12,-9.8756,-56.0861,70.75,99,100,3.11,overcast clouds
25,Borazjan,IR,2022-02-11 07:21:12,29.2666,51.2159,70.93,28,14,3.62,few clouds
26,Jumla,NP,2022-02-11 07:21:13,29.2747,82.1838,41.7,57,0,3.87,clear sky
27,Saint George,US,2022-02-11 07:21:13,37.1041,-113.5841,53.35,44,0,8.05,clear sky
28,Tabou,CI,2022-02-11 07:21:14,4.423,-7.3528,78.85,87,72,5.19,light rain
29,Mar Del Plata,AR,2022-02-11 07:21:14,-38.0023,-57.5575,68.88,93,100,3.0,overcast clouds
30,Ossora,RU,2022-02-11 07:21:14,59.2353,163.0719,-3.78,80,97,4.07,overcast clouds
31,Mataura,NZ,2022-02-11 07:18:54,-46.1927,168.8643,59.49,70,21,5.3,few clouds
32,Rikitea,PF,2022-02-11 07:21:15,-23.1203,-134.9692,79.34,74,14,17.67,few clouds
33,Vizinga,RU,2022-02-11 07:21:15,61.0749,50.1031,19.98,93,100,7.85,overcast clouds
34,San Patricio,US,2022-02-11 07:21:16,28.017,-97.5169,57.81,79,100,4.68,overcast clouds
35,Hithadhoo,MV,2022-02-11 07:21:16,-0.6,73.0833,81.3,69,100,5.21,overcast clouds
36,Aklavik,CA,2022-02-11 07:21:17,68.2191,-135.0107,-13.97,94,99,5.12,overcast clouds
37,Winnemucca,US,2022-02-11 07:21:17,40.973,-117.7357,28.45,80,0,6.91,clear sky
38,Perbaungan,ID,2022-02-11 07:21:17,3.5679,98.956,86.11,68,99,4.59,overcast clouds
39,Belaya Gora,RU,2022-02-11 07:21:18,68.5333,146.4167,-35.48,100,21,4.32,few clouds
40,Kavaratti,IN,2022-02-11 07:20:53,10.5669,72.642,80.47,72,100,9.33,overcast clouds
41,Caibarien,CU,2022-02-11 07:21:18,22.5206,-79.4669,70.92,81,66,9.26,broken clouds
42,Busselton,AU,2022-02-11 07:21:19,-33.65,115.3333,97.09,41,17,14.56,few clouds
43,Lata,PT,2022-02-11 07:21:19,40.1629,-8.3327,46.81,66,22,1.97,few clouds
44,Quatre Cocos,MU,2022-02-11 07:20:32,-20.2078,57.7625,84.31,70,29,7.87,scattered clouds
45,Klaksvik,FO,2022-02-11 07:21:20,62.2266,-6.589,36.52,68,75,23.64,broken clouds
46,Kasongo-Lunda,CD,2022-02-11 07:21:20,-6.4667,16.8167,74.01,85,96,1.77,overcast clouds
47,Albany,US,2022-02-11 07:17:53,42.6001,-73.9662,34.38,90,93,2.1,overcast clouds
48,Iqaluit,CA,2022-02-11 07:17:58,63.7506,-68.5145,-0.31,77,100,0.0,light snow
49,Jamestown,US,2022-02-11 07:17:56,42.097,-79.2353,31.32,80,100,10.36,overcast clouds
50,Cape Town,ZA,2022-02-11 07:18:02,-33.9258,18.4232,74.08,61,0,14.97,clear sky
51,Krutinka,RU,2022-02-11 07:22:21,56.0055,71.5113,-3.69,90,6,11.65,clear sky
52,Kysyl-Syr,RU,2022-02-11 07:22:22,63.8986,122.7617,-16.85,97,90,2.26,overcast clouds
53,Isangel,VU,2022-02-11 07:18:57,-19.55,169.2667,80.53,85,100,17.76,overcast clouds
54,Dikson,RU,2022-02-11 07:22:22,73.5069,80.5464,7.52,92,100,25.81,overcast clouds
55,Saskylakh,RU,2022-02-11 07:22:23,71.9167,114.0833,-1.1,92,48,9.98,scattered clouds
56,Kaka,TM,2022-02-11 07:22:23,37.3482,59.6143,55.31,41,100,19.08,overcast clouds
57,Boyolangu,ID,2022-02-11 07:22:24,-8.1181,111.8935,83.37,73,97,1.32,overcast clouds
58,Saldanha,ZA,2022-02-11 07:22:24,-33.0117,17.9442,71.65,78,0,12.19,clear sky
59,Makakilo City,US,2022-02-11 07:22:24,21.3469,-158.0858,71.92,76,100,6.91,overcast clouds
60,Yuyao,CN,2022-02-11 07:22:25,30.05,121.1494,44.37,96,100,7.56,light rain
61,Thunder Bay,CA,2022-02-11 07:22:25,48.4001,-89.3168,26.58,90,100,5.75,overcast clouds
62,Sioux Lookout,CA,2022-02-11 07:22:25,50.1001,-91.917,10.78,85,100,8.05,overcast clouds
63,East London,ZA,2022-02-11 07:22:26,-33.0153,27.9116,72.54,73,40,10.36,scattered clouds
64,Vila Franca Do Campo,PT,2022-02-11 07:22:26,37.7167,-25.4333,58.19,71,99,2.15,overcast clouds
65,Atuona,PF,2022-02-11 07:22:27,-9.8,-139.0333,78.17,76,79,17.74,broken clouds
66,Ancud,CL,2022-02-11 07:18:30,-41.8697,-73.8203,49.42,81,10,5.41,clear sky
67,Hay River,CA,2022-02-11 07:22:27,60.8156,-115.7999,-9.42,77,100,8.05,light snow
68,Bethel,US,2022-02-11 07:18:59,41.3712,-73.414,39.81,73,0,0.0,clear sky
69,Labuhan,ID,2022-02-11 07:22:28,-6.8844,112.2051,82.8,77,100,9.42,overcast clouds
70,Norman Wells,CA,2022-02-11 07:22:28,65.282,-126.8329,-20.16,69,75,3.44,broken clouds
71,Tautira,PF,2022-02-11 07:22:28,-17.7333,-149.15,82.42,73,100,13.04,overcast clouds
72,Tasiilaq,GL,2022-02-11 07:22:29,65.6145,-37.6368,15.96,61,100,5.68,overcast clouds
73,Port Lincoln,AU,2022-02-11 07:19:28,-34.7333,135.8667,70.0,53,69,12.66,broken clouds
74,Senador Jose Porfirio,BR,2022-02-11 07:22:29,-2.5908,-51.9542,72.54,97,100,2.68,light rain
75,Kirakira,SB,2022-02-11 07:22:30,-10.4544,161.9205,80.4,87,96,8.39,overcast clouds
76,Mehamn,NO,2022-02-11 07:22:31,71.0357,27.8492,26.51,91,100,13.85,overcast clouds
77,Kibala,TD,2022-02-11 07:22:31,9.1104,18.3463,73.35,21,0,4.61,clear sky
78,Umm Lajj,SA,2022-02-11 07:22:31,25.0213,37.2685,65.26,44,0,15.9,clear sky
79,Qaanaaq,GL,2022-02-11 07:18:24,77.484,-69.3632,-24.97,67,17,5.19,few clouds
80,Lingao,CN,2022-02-11 07:22:32,19.9103,109.6859,75.74,69,46,12.19,scattered clouds
81,Pacific Grove,US,2022-02-11 07:22:32,36.6177,-121.9166,63.55,54,0,8.05,clear sky
82,Pevek,RU,2022-02-11 07:19:07,69.7008,170.3133,-24.32,97,100,7.58,overcast clouds
83,Chokurdakh,RU,2022-02-11 07:19:01,70.6333,147.9167,-22.29,97,100,11.48,overcast clouds
84,Bud,US,2022-02-11 07:22:33,39.447,-86.1758,36.32,78,100,11.77,overcast clouds
85,Kodiak,US,2022-02-11 07:22:33,57.79,-152.4072,35.11,87,100,21.85,light snow
86,Longyearbyen,SJ,2022-02-11 07:22:34,78.2186,15.6401,19.24,73,75,8.05,broken clouds
87,Kinsale,IE,2022-02-11 07:22:34,51.7075,-8.5306,36.77,87,75,4.61,broken clouds
88,Castro,BR,2022-02-11 07:22:35,-24.7911,-50.0119,58.77,93,93,7.07,overcast clouds
89,Neryungri,RU,2022-02-11 07:23:35,56.6709,124.6491,-16.47,91,100,6.85,overcast clouds
90,Punta Arenas,CL,2022-02-11 07:23:35,-53.15,-70.9167,46.51,71,75,11.5,broken clouds
91,Yellowknife,CA,2022-02-11 07:23:36,62.456,-114.3525,-17.59,81,100,3.44,overcast clouds
92,Ushirombo,TZ,2022-02-11 07:23:36,-3.4919,31.9639,72.7,76,52,3.09,broken clouds
93,Anadyr,RU,2022-02-11 07:23:14,64.75,177.4833,-23.3,69,0,6.71,clear sky
94,Sur,OM,2022-02-11 07:23:37,22.5667,59.5289,74.88,36,0,4.54,clear sky
95,Acajutla,SV,2022-02-11 07:23:37,13.5928,-89.8275,74.8,67,9,4.83,clear sky
96,Acapulco,MX,2022-02-11 07:21:49,16.8634,-99.8901,75.02,83,0,5.75,clear sky
97,Sambava,MG,2022-02-11 07:23:38,-14.2667,50.1667,83.35,67,15,7.4,few clouds
98,Haines Junction,CA,2022-02-11 07:23:38,60.7522,-137.5108,10.35,72,100,2.3,overcast clouds
99,Celestun,MX,2022-02-11 07:23:38,20.8667,-90.4,68.95,86,100,9.98,overcast clouds
100,Urumqi,CN,2022-02-11 07:23:39,43.801,87.6005,16.75,73,100,4.47,mist
101,Kwinana,AU,2022-02-11 07:19:53,-32.25,115.7667,90.18,70,6,11.7,clear sky
102,Alberton,CA,2022-02-11 07:23:39,46.8168,-64.0654,35.73,97,100,13.53,overcast clouds
103,Beloha,MG,2022-02-11 07:23:40,-25.1667,45.05,85.57,58,65,9.91,broken clouds
104,Victoria,HK,2022-02-11 07:21:37,22.2855,114.1577,78.19,78,13,8.99,few clouds
105,Ostrovnoy,RU,2022-02-11 07:23:40,68.0531,39.5131,22.64,87,100,17.69,overcast clouds
106,Esperance,AU,2022-02-11 07:23:41,-33.8667,121.9,111.04,27,11,12.66,few clouds
107,Port Elizabeth,ZA,2022-02-11 07:23:41,-33.918,25.5701,75.49,57,0,4.61,clear sky
108,Luderitz,NA,2022-02-11 07:23:41,-26.6481,15.1594,71.65,62,26,6.96,scattered clouds
109,Port Alfred,ZA,2022-02-11 07:23:42,-33.5906,26.891,72.28,73,3,3.36,clear sky
110,Nikolskoye,RU,2022-02-11 07:23:42,59.7035,30.7861,32.4,93,66,8.08,broken clouds
111,Talnakh,RU,2022-02-11 07:23:42,69.4865,88.3972,2.21,93,6,12.37,clear sky
112,Wilmington,US,2022-02-11 07:21:31,34.2257,-77.9447,50.0,61,0,5.75,clear sky
113,Royan,FR,2022-02-11 07:23:43,45.6285,-1.0281,41.04,89,45,12.24,scattered clouds
114,Guadalupe Y Calvo,MX,2022-02-11 07:23:43,26.1,-106.9667,33.93,54,0,5.75,clear sky
115,Bronnoysund,NO,2022-02-11 07:23:44,65.4625,12.1997,30.42,86,75,7.0,broken clouds
116,Yakeshi,CN,2022-02-11 07:23:44,49.2833,120.7333,6.55,90,100,10.56,overcast clouds
117,Vao,NC,2022-02-11 07:23:44,-22.6667,167.4833,81.5,86,100,30.42,overcast clouds
118,Matai,TZ,2022-02-11 07:23:45,-8.3,31.5167,60.01,97,100,2.24,light rain
119,Aranos,NA,2022-02-11 07:21:18,-24.1333,19.1167,76.44,49,63,1.03,broken clouds
120,Goderich,CA,2022-02-11 07:23:45,43.7501,-81.7165,29.91,74,100,14.97,overcast clouds
121,Magdiwang,PH,2022-02-11 07:20:18,12.491,122.5135,80.22,72,53,11.79,broken clouds
122,Chernyshevskiy,RU,2022-02-11 07:23:46,63.0128,112.4714,-6.43,86,94,5.26,overcast clouds
123,Raudeberg,NO,2022-02-11 07:23:46,61.9875,5.1352,30.87,73,100,1.99,overcast clouds
124,Faya,SA,2022-02-11 07:19:44,18.3851,42.4509,66.31,55,24,5.35,few clouds
125,Beyneu,KZ,2022-02-11 07:23:47,45.3167,55.2,35.51,70,28,18.45,scattered clouds
126,Nome,US,2022-02-11 07:23:47,64.5011,-165.4064,-17.84,78,5,6.42,clear sky
127,Kristiansand,NO,2022-02-11 07:23:48,58.1467,7.9956,33.85,86,0,4.61,clear sky
128,Ilulissat,GL,2022-02-11 07:23:48,69.2167,-51.1,-0.38,65,100,6.91,overcast clouds
129,Maldonado,UY,2022-02-11 07:23:48,-34.6667,-54.9167,67.39,95,0,6.15,clear sky
130,Bambous Virieux,MU,2022-02-11 07:23:49,-20.3428,57.7575,84.45,70,40,9.22,scattered clouds
131,Saurimo,AO,2022-02-11 07:23:49,-9.6608,20.3916,71.92,78,75,0.0,broken clouds
132,Tateyama,JP,2022-02-11 07:23:50,34.9833,139.8667,50.14,52,8,12.48,clear sky
133,Olafsvik,IS,2022-02-11 07:23:50,64.8945,-23.7142,33.85,60,100,3.18,overcast clouds
134,Narsaq,GL,2022-02-11 07:23:50,60.9167,-46.05,19.62,64,100,8.03,overcast clouds
135,Bluff,NZ,2022-02-11 07:23:51,-46.6,168.3333,59.81,79,81,12.01,broken clouds
136,Katsuura,JP,2022-02-11 07:23:51,35.1333,140.3,49.1,52,9,12.95,clear sky
137,Vila Velha,BR,2022-02-11 07:22:50,-20.3297,-40.2925,75.15,91,75,6.91,moderate rain
138,Nowy Dwor Gdanski,PL,2022-02-11 07:24:52,54.2131,19.1177,39.2,88,100,7.76,overcast clouds
139,Kharar,IN,2022-02-11 07:24:52,30.7444,76.6478,71.17,42,0,12.86,clear sky
140,Henties Bay,NA,2022-02-11 07:24:52,-22.116,14.2845,70.72,84,100,2.21,overcast clouds
141,Touros,BR,2022-02-11 07:24:53,-5.1989,-35.4608,76.1,80,57,7.45,broken clouds
142,Ugoofaaru,MV,2022-02-11 07:24:53,5.6667,73.0,81.64,74,100,12.08,overcast clouds
143,Severo-Kurilsk,RU,2022-02-11 07:24:53,50.6789,156.125,26.28,79,98,2.8,overcast clouds
144,Faanui,PF,2022-02-11 07:24:54,-16.4833,-151.75,81.66,73,11,12.88,light rain
145,Portland,US,2022-02-11 07:24:47,45.5234,-122.6762,48.24,90,100,4.0,overcast clouds
146,Praya,CV,2022-02-11 07:24:54,14.9215,-23.5087,75.74,50,0,20.71,clear sky
147,Cherskiy,RU,2022-02-11 07:24:55,68.75,161.3,-32.51,99,95,5.46,overcast clouds
148,Provideniya,RU,2022-02-11 07:24:55,64.3833,-173.3,-18.72,93,15,8.88,few clouds
149,Tatawin,TN,2022-02-11 07:24:55,32.9297,10.4518,47.28,74,100,2.84,overcast clouds
150,Necochea,AR,2022-02-11 07:24:56,-38.5473,-58.7368,62.04,90,100,16.04,moderate rain
151,Lake Havasu City,US,2022-02-11 07:21:52,34.4839,-114.3224,66.81,23,0,11.5,clear sky
152,Castanos,MX,2022-02-11 07:24:56,26.7833,-101.4167,52.34,51,0,3.11,clear sky
153,Zhigansk,RU,2022-02-11 07:24:57,66.7697,123.3711,-20.16,97,100,12.44,overcast clouds
154,Morehead,US,2022-02-11 07:24:57,37.2711,-87.1764,41.31,93,0,0.0,clear sky
155,Westport,US,2022-02-11 07:22:27,41.1415,-73.3579,41.76,71,75,6.91,broken clouds
156,Grand Gaube,MU,2022-02-11 07:24:58,-20.0064,57.6608,84.6,69,10,4.0,clear sky
157,Souillac,MU,2022-02-11 07:24:58,-20.5167,57.5167,84.58,70,40,9.22,scattered clouds
158,Iskateley,RU,2022-02-11 07:24:58,67.6803,53.1512,22.82,92,100,18.19,overcast clouds
159,Kongsberg,NO,2022-02-11 07:24:59,59.6652,9.6465,29.7,80,2,4.83,clear sky
160,Vestmannaeyjar,IS,2022-02-11 07:24:59,63.4427,-20.2734,35.92,62,100,6.22,overcast clouds
161,Eureka,US,2022-02-11 07:21:27,40.8021,-124.1637,51.19,73,0,2.71,clear sky
162,Carballo,ES,2022-02-11 07:25:00,43.213,-8.691,51.87,93,38,3.89,scattered clouds
163,Parrita,CR,2022-02-11 07:25:00,9.5201,-84.3225,80.37,82,8,4.43,clear sky
164,Butaritari,KI,2022-02-11 07:25:01,3.0707,172.7902,82.11,79,21,18.12,light rain
165,Ixtapa,MX,2022-02-11 07:25:01,20.7,-105.2,64.22,79,0,2.77,clear sky
166,Pisco,PE,2022-02-11 07:25:01,-13.7,-76.2167,71.65,73,0,8.05,clear sky
167,Hervey Bay,AU,2022-02-11 07:25:02,-25.2986,152.8535,82.51,61,0,22.19,clear sky
168,Doha,QA,2022-02-11 07:25:02,25.2867,51.5333,73.71,73,0,16.11,clear sky
169,Koforidua,GH,2022-02-11 07:25:03,6.0941,-0.2591,79.29,92,28,2.26,scattered clouds
170,Vaitape,PF,2022-02-11 07:25:03,-16.5167,-151.75,81.61,73,10,12.97,light rain
171,Ambilobe,MG,2022-02-11 07:25:03,-13.2,49.05,79.5,84,100,3.04,light rain
172,Port-Cartier,CA,2022-02-11 07:25:04,50.0334,-66.8654,30.42,84,100,12.17,overcast clouds
173,Taitung,TW,2022-02-11 07:25:04,22.7583,121.1444,77.27,73,75,11.5,broken clouds
174,Lanzhou,CN,2022-02-11 07:25:05,36.0564,103.7922,40.28,76,99,4.34,overcast clouds
175,Beira,MZ,2022-02-11 07:25:05,-19.8436,34.8389,84.29,70,20,5.75,few clouds
176,Lieksa,FI,2022-02-11 07:25:05,63.3167,30.0167,18.73,97,87,9.48,overcast clouds
177,Kjopsvik,NO,2022-02-11 07:22:15,68.097,16.3742,29.17,85,100,7.83,snow
178,Cidreira,BR,2022-02-11 07:25:06,-30.1811,-50.2056,73.56,83,0,18.28,clear sky
179,Komsomolskiy,UZ,2022-02-11 07:25:06,40.4272,71.7189,45.82,45,100,2.3,overcast clouds
180,Zelenogorskiy,RU,2022-02-11 07:25:07,55.0333,87.0,5.52,75,1,1.83,clear sky
181,Bengkulu,ID,2022-02-11 07:25:07,-3.8004,102.2655,84.04,66,100,7.54,overcast clouds
182,Gondar,ET,2022-02-11 07:25:08,12.6,37.4667,70.09,34,13,2.84,few clouds
183,Mahebourg,MU,2022-02-11 07:25:08,-20.4081,57.7,84.49,70,40,9.22,scattered clouds
184,Saint-Pierre,RE,2022-02-11 07:25:08,-21.3393,55.4781,83.84,74,0,9.22,clear sky
185,San Cristobal,VE,2022-02-11 07:25:09,7.7669,-72.225,63.28,93,50,2.66,scattered clouds
186,Zhezkazgan,KZ,2022-02-11 07:26:09,47.8043,67.7144,24.78,80,75,17.9,broken clouds
187,Poum,NC,2022-02-11 07:21:18,-20.2333,164.0167,81.43,84,100,20.11,overcast clouds
188,Nemuro,JP,2022-02-11 07:26:10,43.3236,145.575,23.43,69,100,5.08,overcast clouds
189,Vostok,RU,2022-02-11 07:26:10,46.4856,135.8833,20.7,90,100,2.53,overcast clouds
190,Cartagena Del Chaira,CO,2022-02-11 07:26:10,1.3349,-74.8429,71.87,96,100,1.43,overcast clouds
191,Airai,TL,2022-02-11 07:26:11,-8.9266,125.4092,65.95,91,100,1.34,overcast clouds
192,Upernavik,GL,2022-02-11 07:26:11,72.7868,-56.1549,-21.32,85,83,7.25,broken clouds
193,Mariental,NA,2022-02-11 07:26:12,-24.6333,17.9667,78.84,47,81,3.2,broken clouds
194,Saint-Joseph,RE,2022-02-11 07:26:12,-21.3667,55.6167,82.76,75,57,8.25,broken clouds
195,Aykhal,RU,2022-02-11 07:26:12,66.0,111.5,1.42,95,98,7.96,overcast clouds
196,Maltahohe,NA,2022-02-11 07:26:13,-24.8333,16.9833,77.05,47,84,3.76,broken clouds
197,La Romana,DO,2022-02-11 07:26:13,18.4273,-68.9728,76.73,84,0,6.31,clear sky
198,Batagay,RU,2022-02-11 07:26:13,67.6333,134.6333,-26.37,98,95,1.63,overcast clouds
199,Weyburn,CA,2022-02-11 07:26:14,49.6668,-103.8511,7.18,78,57,26.46,broken clouds
200,Zhanaozen,KZ,2022-02-11 07:26:14,43.3,52.8,37.26,61,14,16.87,few clouds
201,Kununurra,AU,2022-02-11 07:26:15,-15.7667,128.7333,98.58,41,40,10.36,scattered clouds
202,Zverinogolovskoye,RU,2022-02-11 07:26:15,54.4586,64.8542,10.69,91,100,14.88,overcast clouds
203,Sangar,RU,2022-02-11 07:26:16,63.9242,127.4739,-24.88,98,51,0.85,broken clouds
204,Yar-Sale,RU,2022-02-11 07:26:16,66.8333,70.8333,2.75,78,1,17.72,clear sky
205,Usinsk,RU,2022-02-11 07:26:16,65.9939,57.5281,18.88,78,100,18.41,overcast clouds
206,Kruisfontein,ZA,2022-02-11 07:26:17,-34.0033,24.7314,72.3,59,0,2.06,clear sky
207,Norilsk,RU,2022-02-11 07:23:05,69.3535,88.2027,2.43,87,12,8.86,few clouds
208,Lovozero,RU,2022-02-11 07:26:17,68.005,35.0117,13.96,93,100,3.42,overcast clouds
209,Flinders,AU,2022-02-11 07:26:18,-34.5833,150.8552,73.8,84,100,13.38,overcast clouds
210,San Andres,CO,2022-02-11 07:26:18,12.5847,-81.7006,78.82,83,20,10.36,few clouds
211,Lebu,CL,2022-02-11 07:26:18,-37.6167,-73.65,54.39,68,2,19.01,clear sky
212,Barrow,US,2022-02-11 07:26:19,71.2906,-156.7887,-20.18,69,100,11.5,overcast clouds
213,Seoul,KR,2022-02-11 07:23:24,37.5683,126.9778,49.51,33,0,5.75,haze
214,Rodeo,US,2022-02-11 07:26:19,38.033,-122.2669,65.84,59,0,5.75,clear sky
215,Kavieng,PG,2022-02-11 07:26:20,-2.5744,150.7967,82.38,77,66,6.04,moderate rain
216,Flin Flon,CA,2022-02-11 07:26:20,54.7682,-101.865,-17.86,92,17,8.68,few clouds
217,Ribeira Grande,PT,2022-02-11 07:26:21,38.5167,-28.7,55.8,82,40,3.44,scattered clouds
218,Chicama,PE,2022-02-11 07:26:21,-7.8447,-79.1469,71.46,74,100,3.83,overcast clouds
219,Zambezi,ZM,2022-02-11 07:26:21,-13.5432,23.1047,66.07,94,100,5.64,overcast clouds
220,Bandarbeyla,SO,2022-02-11 07:26:22,9.4942,50.8122,78.1,55,94,16.55,overcast clouds
221,Ucluelet,CA,2022-02-11 07:26:22,48.9329,-125.5528,46.09,93,53,2.89,broken clouds
222,Puerto Escondido,MX,2022-02-11 07:26:23,15.85,-97.0667,74.77,79,43,4.76,scattered clouds
223,Muravlenko,RU,2022-02-11 07:26:23,63.7898,74.523,-0.96,86,47,13.29,scattered clouds
224,Kungurtug,RU,2022-02-11 07:26:23,50.5994,97.5228,-2.83,84,72,1.57,broken clouds
225,Chai Badan,TH,2022-02-11 07:26:24,15.2,101.1333,97.72,41,100,1.99,overcast clouds
226,Plavsk,RU,2022-02-11 07:26:24,53.7094,37.2919,28.92,97,100,8.43,snow
227,New Norfolk,AU,2022-02-11 07:26:24,-42.7826,147.0587,68.67,32,16,1.99,few clouds
228,Kathmandu,NP,2022-02-11 07:21:41,27.7167,85.3167,61.02,41,20,5.75,few clouds
229,Georgetown,MY,2022-02-11 07:22:05,5.4112,100.3354,84.15,74,20,4.61,light rain
230,Chuy,UY,2022-02-11 07:26:25,-33.6971,-53.4616,66.52,93,0,5.39,clear sky
231,Verkhoyansk,RU,2022-02-11 07:26:26,67.5447,133.385,-29.42,99,84,0.34,broken clouds
232,Uruacu,BR,2022-02-11 07:26:26,-14.5247,-49.1408,67.78,96,100,2.46,overcast clouds
233,Wiarton,CA,2022-02-11 07:27:26,44.7407,-81.1332,29.03,74,100,13.8,overcast clouds
234,Sao Joao Da Barra,BR,2022-02-11 07:27:27,-21.6403,-41.0511,71.46,97,100,7.36,light rain
235,Suraabad,AZ,2022-02-11 07:27:27,40.8192,49.4687,44.78,70,92,0.89,overcast clouds
236,Ahuimanu,US,2022-02-11 07:27:28,21.4447,-157.8378,73.11,86,20,6.91,few clouds
237,Sitka,US,2022-02-11 07:27:28,57.0531,-135.33,33.69,75,40,4.61,scattered clouds
238,Travesia,HN,2022-02-11 07:27:28,15.8667,-87.9,71.13,86,8,2.55,clear sky
239,Cabo San Lucas,MX,2022-02-11 07:27:29,22.8909,-109.9124,67.51,71,4,5.08,clear sky
240,Hambantota,LK,2022-02-11 07:27:29,6.1241,81.1185,84.54,84,40,9.22,scattered clouds
241,Khatanga,RU,2022-02-11 07:27:30,71.9667,102.5,-1.5,85,89,13.8,overcast clouds
242,Aitape,PG,2022-02-11 07:27:30,-3.1374,142.3475,81.03,79,100,3.49,overcast clouds
243,Owando,CG,2022-02-11 07:27:30,-0.4819,15.8999,80.02,62,99,3.49,overcast clouds
244,Kidal,ML,2022-02-11 07:27:31,18.4411,1.4078,61.66,13,0,9.19,clear sky
245,Barabai,ID,2022-02-11 07:27:31,-2.5833,115.3833,85.42,72,100,2.48,moderate rain
246,New Albany,US,2022-02-11 07:27:32,38.2856,-85.8241,38.05,70,75,8.05,broken clouds
247,Avarua,CK,2022-02-11 07:27:32,-21.2078,-159.775,78.85,83,75,13.8,broken clouds
248,Samarai,PG,2022-02-11 07:27:32,-10.6167,150.6667,83.32,65,100,18.99,overcast clouds
249,Lichinga,MZ,2022-02-11 07:27:33,-13.3128,35.2406,61.81,97,100,2.64,light rain
250,Along,IN,2022-02-11 07:23:58,28.1667,94.7667,62.26,65,97,1.77,overcast clouds
251,Sao Filipe,CV,2022-02-11 07:27:33,14.8961,-24.4956,75.7,62,92,7.83,overcast clouds
252,Tessalit,ML,2022-02-11 07:27:34,20.1986,1.0114,56.44,28,87,8.84,overcast clouds
253,Pangkalanbuun,ID,2022-02-11 07:27:34,-2.6833,111.6167,86.13,60,94,4.52,overcast clouds
254,Gurupa,BR,2022-02-11 07:27:34,-1.405,-51.64,72.07,99,100,2.98,overcast clouds
255,Okhotsk,RU,2022-02-11 07:27:35,59.3833,143.3,3.85,86,100,2.71,overcast clouds
256,Lorengau,PG,2022-02-11 07:23:13,-2.0226,147.2712,83.37,77,100,8.3,overcast clouds
257,Guerrero Negro,MX,2022-02-11 07:27:35,27.9769,-114.0611,62.13,48,0,1.92,clear sky
258,Kropotkin,RU,2022-02-11 07:27:36,45.4375,40.5756,39.54,88,99,15.41,overcast clouds
259,Camana,PE,2022-02-11 07:27:36,-16.6228,-72.7111,69.06,82,100,7.0,overcast clouds
260,Carnarvon,AU,2022-02-11 07:27:37,-24.8667,113.6333,84.27,70,75,12.66,light rain
261,Khartoum,SD,2022-02-11 07:27:37,15.5518,32.5324,68.02,25,0,3.0,clear sky
262,Honiara,SB,2022-02-11 07:27:37,-9.4333,159.95,80.13,87,99,5.21,overcast clouds
263,Pangai,TO,2022-02-11 07:25:47,-19.8,-174.35,82.78,76,5,16.22,clear sky
264,Vardo,NO,2022-02-11 07:27:38,70.3705,31.1107,19.38,93,0,27.63,clear sky
265,Muros,ES,2022-02-11 07:27:38,42.7762,-9.0603,52.23,93,9,4.88,clear sky
266,Ulaanbaatar,MN,2022-02-11 07:26:25,47.9077,106.8832,1.53,51,0,15.66,clear sky
267,Yulara,AU,2022-02-11 07:27:39,-25.2406,130.9889,93.04,10,0,12.66,clear sky
268,Khorixas,NA,2022-02-11 07:27:39,-20.3667,14.9667,75.83,61,94,8.08,overcast clouds
269,Padang,ID,2022-02-11 07:27:40,-0.9492,100.3543,86.05,62,100,5.61,overcast clouds
270,Damavand,IR,2022-02-11 07:27:40,35.7178,52.065,40.84,81,99,5.66,overcast clouds
271,Sandnessjoen,NO,2022-02-11 07:27:40,66.0217,12.6316,30.42,86,75,5.75,broken clouds
272,Davidson,US,2022-02-11 07:27:41,36.1501,-86.7833,48.31,58,0,3.44,clear sky
273,La Rioja,ES,2022-02-11 07:27:41,42.25,-2.5,37.18,85,100,2.86,overcast clouds
274,Havelock,US,2022-02-11 07:27:42,34.8791,-76.9013,52.95,84,59,7.11,broken clouds
275,Roma,US,2022-02-11 07:27:42,43.2128,-75.4557,33.66,95,90,1.9,overcast clouds
276,Salalah,OM,2022-02-11 07:27:42,17.0151,54.0924,78.89,50,20,6.91,few clouds
277,At-Bashi,KG,2022-02-11 07:27:43,41.1702,75.8106,18.16,83,59,2.13,broken clouds
278,Biak,ID,2022-02-11 07:28:43,-0.9131,122.8766,82.63,71,94,1.32,overcast clouds
279,Bredasdorp,ZA,2022-02-11 07:28:43,-34.5322,20.0403,71.28,60,0,4.61,clear sky
280,Shangzhi,CN,2022-02-11 07:28:44,45.2167,127.9667,19.99,94,100,0.83,snow
281,Pervomayskaya,RU,2022-02-11 07:28:44,43.4033,45.5261,35.4,87,100,2.24,overcast clouds
282,Srednekolymsk,RU,2022-02-11 07:28:45,67.45,153.6833,-32.93,98,32,2.37,scattered clouds
283,Anchorage,US,2022-02-11 07:26:25,61.2181,-149.9003,25.21,78,100,5.75,overcast clouds
284,Grindavik,IS,2022-02-11 07:28:45,63.8424,-22.4338,32.47,69,75,9.22,broken clouds
285,Namatanai,PG,2022-02-11 07:28:46,-3.6667,152.4333,81.88,79,100,5.55,light rain
286,Constitucion,CL,2022-02-11 07:28:46,-35.3333,-72.4167,57.13,47,68,5.26,broken clouds
287,Lazaro Cardenas,MX,2022-02-11 07:28:46,17.9583,-102.2,68.74,76,0,5.21,clear sky
288,Kenora,CA,2022-02-11 07:25:01,49.8167,-94.4337,15.78,85,100,13.8,overcast clouds
289,Rognan,NO,2022-02-11 07:28:47,67.0953,15.3878,29.05,91,100,17.54,snow
290,Rexburg,US,2022-02-11 07:28:47,43.826,-111.7897,24.31,100,100,3.44,mist
291,Grenville,GD,2022-02-11 07:28:48,12.1167,-61.6167,78.24,67,6,21.0,clear sky
292,Fortuna,US,2022-02-11 07:28:48,40.5982,-124.1573,50.92,87,0,11.5,clear sky
293,Kemijarvi,FI,2022-02-11 07:28:48,66.7131,27.4306,5.49,97,93,3.04,overcast clouds
294,Geraldton,AU,2022-02-11 07:27:50,-28.7667,114.6,84.61,54,7,20.71,clear sky
295,Husavik,IS,2022-02-11 07:28:49,66.0449,-17.3389,33.71,83,58,10.38,broken clouds
296,Nishihara,JP,2022-02-11 07:28:50,26.1842,127.7558,68.05,58,75,10.36,broken clouds
297,Bubaque,GW,2022-02-11 07:28:50,11.2833,-15.8333,78.87,54,3,12.88,clear sky
298,Shenzhen,CN,2022-02-11 07:24:26,22.5455,114.0683,78.08,79,26,4.27,scattered clouds
299,Merke,KZ,2022-02-11 07:28:50,42.8728,73.1786,41.0,61,53,5.08,broken clouds
300,Conway,US,2022-02-11 07:28:51,35.0887,-92.4421,50.52,80,100,6.91,overcast clouds
301,Muana,BR,2022-02-11 07:28:51,-1.5283,-49.2167,73.92,94,87,2.91,overcast clouds
302,Bilibino,RU,2022-02-11 07:28:52,68.0546,166.4372,-37.68,99,28,2.77,scattered clouds
303,Angren,UZ,2022-02-11 07:28:52,41.0167,70.1436,45.34,84,100,4.97,overcast clouds
304,Surman,LY,2022-02-11 07:28:53,32.7567,12.5716,51.62,68,1,4.61,clear sky
305,Nyurba,RU,2022-02-11 07:28:53,63.2842,118.3319,-9.4,93,100,5.84,overcast clouds
306,Trinidad,BO,2022-02-11 07:28:54,-14.8333,-64.9,74.41,88,38,4.12,scattered clouds
307,Ekibastuz,KZ,2022-02-11 07:28:54,51.6667,75.3667,1.63,88,69,8.7,broken clouds
308,Koslan,RU,2022-02-11 07:28:54,63.4564,48.8989,20.34,93,100,9.75,light snow
309,Tiksi,RU,2022-02-11 07:28:55,71.6872,128.8694,-13.7,93,100,12.21,overcast clouds
310,Abong Mbang,CM,2022-02-11 07:28:55,3.9833,13.1833,71.17,29,16,1.79,few clouds
311,Clyde River,CA,2022-02-11 07:28:56,70.4692,-68.5914,-16.37,69,100,26.46,light snow
312,Zuwarah,LY,2022-02-11 07:28:56,32.9312,12.082,52.93,68,6,5.48,clear sky
313,Dakar,SN,2022-02-11 07:28:56,14.6937,-17.4441,79.68,53,93,13.8,overcast clouds
314,Kaeo,NZ,2022-02-11 07:28:57,-35.1,173.7833,76.32,96,97,7.07,overcast clouds
315,Adre,TD,2022-02-11 07:28:57,13.4667,22.2,62.47,21,5,20.11,clear sky
316,La Ronge,CA,2022-02-11 07:27:19,55.1001,-105.2842,-16.35,76,0,5.75,clear sky
317,Amnat Charoen,TH,2022-02-11 07:28:58,15.9167,104.75,95.4,29,100,2.95,overcast clouds
318,Shubarkuduk,KZ,2022-02-11 07:28:58,49.1447,56.4872,25.12,88,99,12.88,overcast clouds
319,Thinadhoo,MV,2022-02-11 07:29:59,0.5333,72.9333,81.34,70,41,4.68,scattered clouds
320,Severodvinsk,RU,2022-02-11 07:29:59,64.5635,39.8302,26.71,96,100,6.17,overcast clouds
321,San Felipe,VE,2022-02-11 07:30:00,10.3399,-68.7425,70.2,94,95,4.09,overcast clouds
322,Nuuk,GL,2022-02-11 07:30:00,64.1835,-51.7216,30.81,69,100,9.22,overcast clouds
323,Nouadhibou,MR,2022-02-11 07:30:01,20.931,-17.0347,66.18,48,97,9.22,overcast clouds
324,Kaitangata,NZ,2022-02-11 07:30:02,-46.2817,169.8464,62.92,82,77,3.2,broken clouds
325,Radovljica,SI,2022-02-11 07:30:03,46.3444,14.1744,44.44,89,62,1.92,broken clouds
326,Cesis,LV,2022-02-11 07:30:04,57.3119,25.2746,32.74,94,100,8.68,overcast clouds
327,Itarema,BR,2022-02-11 07:30:05,-2.9248,-39.9167,75.9,86,40,5.88,scattered clouds
328,Darhan,MN,2022-02-11 07:30:05,49.4867,105.9228,-1.32,84,52,1.43,broken clouds
329,Bonavista,CA,2022-02-11 07:30:06,48.6499,-53.1147,35.11,83,99,14.9,overcast clouds
330,Pingyin,CN,2022-02-11 07:30:07,36.2831,116.4453,51.24,32,100,4.41,overcast clouds
331,Tulum,MX,2022-02-11 07:30:08,20.2167,-87.4667,71.65,91,31,5.95,scattered clouds
332,Barra Do Garcas,BR,2022-02-11 07:30:08,-15.89,-52.2567,68.65,98,96,2.44,overcast clouds
333,Karratha,AU,2022-02-11 07:30:09,-20.7377,116.8463,91.18,55,9,17.52,clear sky
334,Mikhaylovka,RU,2022-02-11 07:28:08,50.06,43.2379,34.79,94,90,9.26,overcast clouds
335,Oranjemund,NA,2022-02-11 07:30:09,-28.55,16.4333,69.71,67,1,13.29,clear sky
336,Torbay,CA,2022-02-11 07:25:45,47.6666,-52.7314,34.75,92,100,11.5,overcast clouds
337,Veraval,IN,2022-02-11 07:30:10,20.9,70.3667,82.06,37,5,4.61,clear sky
338,Bardiyah,LY,2022-02-11 07:30:10,31.7561,25.0865,55.0,66,6,7.85,clear sky
339,Cockburn Town,TC,2022-02-11 07:26:47,21.4612,-71.1419,77.77,75,0,19.39,clear sky
340,Shimoda,JP,2022-02-11 07:30:11,34.6667,138.95,48.56,64,89,7.76,overcast clouds
341,Praia Da Vitoria,PT,2022-02-11 07:30:11,38.7333,-27.0667,57.76,88,75,2.91,broken clouds
342,Xining,CN,2022-02-11 07:30:12,36.6167,101.7667,28.24,66,100,2.8,overcast clouds
343,Noumea,NC,2022-02-11 07:30:12,-22.2763,166.4572,82.99,99,100,17.81,light rain
344,Lahad Datu,MY,2022-02-11 07:30:12,5.0268,118.327,80.69,84,100,3.42,overcast clouds
345,Puerto Del Rosario,ES,2022-02-11 07:30:04,28.5004,-13.8627,62.28,55,20,4.61,few clouds
346,Udachnyy,RU,2022-02-11 07:30:13,66.4167,112.4,3.45,77,100,11.39,overcast clouds
347,Freeport,US,2022-02-11 07:29:00,40.6576,-73.5832,44.19,64,100,4.61,overcast clouds
348,Dubbo,AU,2022-02-11 07:30:13,-32.25,148.6167,86.13,32,75,10.36,broken clouds
349,Codrington,AU,2022-02-11 07:30:14,-38.2667,141.9667,62.65,57,0,17.13,clear sky
350,Sola,VU,2022-02-11 07:30:14,-13.8833,167.55,80.92,80,100,15.73,overcast clouds
351,Cozumel,MX,2022-02-11 07:30:15,20.5083,-86.9458,73.38,100,40,3.44,scattered clouds
352,Imperial Beach,US,2022-02-11 07:30:15,32.5839,-117.1131,70.16,42,0,10.36,clear sky
353,Scarborough,GB,2022-02-11 07:27:13,54.2797,-0.4044,33.53,80,8,1.99,clear sky
354,Nsoko,SZ,2022-02-11 07:30:16,-27.0333,31.95,79.86,32,0,4.25,clear sky
355,Coromandel,BR,2022-02-11 07:30:16,-18.4733,-47.2003,63.93,98,100,2.95,overcast clouds
356,Hami,CN,2022-02-11 07:30:16,42.8,93.45,32.13,50,56,1.97,broken clouds
357,Biskamzha,RU,2022-02-11 07:30:17,53.4497,89.5272,12.61,69,15,2.35,few clouds
358,Carutapera,BR,2022-02-11 07:30:17,-1.195,-46.02,75.9,92,100,4.68,overcast clouds
359,Hofn,IS,2022-02-11 07:30:18,64.2539,-15.2082,27.97,57,100,10.89,overcast clouds
360,Maragogi,BR,2022-02-11 07:30:18,-9.0122,-35.2225,78.84,75,100,6.44,overcast clouds
361,Dovers,VC,2022-02-11 07:30:18,12.8833,-61.1833,77.49,74,11,20.11,few clouds
362,Panjab,AF,2022-02-11 07:30:19,34.388,67.0233,28.33,50,86,2.53,overcast clouds
363,Lasa,IT,2022-02-11 07:30:19,46.6166,10.7002,42.26,74,84,4.32,broken clouds
364,Honningsvag,NO,2022-02-11 07:30:19,70.9821,25.9704,34.63,77,100,38.41,overcast clouds
365,Marrakesh,MA,2022-02-11 07:28:13,31.6315,-8.0083,53.67,35,40,4.61,scattered clouds
366,Arauco,CL,2022-02-11 07:31:20,-37.2463,-73.3175,51.82,51,0,6.91,clear sky
367,Jodiya,IN,2022-02-11 07:31:20,22.6925,70.306,82.08,32,6,7.67,clear sky
368,Le Port,RE,2022-02-11 07:31:21,-20.9373,55.2919,84.16,74,63,6.64,broken clouds
369,Abu Samrah,SY,2022-02-11 07:31:21,35.3029,37.1841,48.69,60,34,5.93,scattered clouds
370,Lincoln,US,2022-02-11 07:30:13,40.8,-96.667,48.29,79,75,8.05,broken clouds
371,Medina,SA,2022-02-11 07:31:22,24.4686,39.6142,64.83,25,0,4.61,clear sky
372,Pochutla,MX,2022-02-11 07:31:22,15.7432,-96.4661,71.82,76,20,3.4,few clouds
373,Tezu,IN,2022-02-11 07:31:23,27.9167,96.1667,73.08,39,48,3.27,scattered clouds
374,Manjo,CM,2022-02-11 07:31:23,4.8428,9.8217,80.01,57,51,2.1,broken clouds
375,Kodinsk,RU,2022-02-11 07:31:24,58.6881,99.1844,0.12,85,100,1.72,overcast clouds
376,Saint-Denis,FR,2022-02-11 07:31:24,48.9167,2.3333,34.75,96,4,4.61,clear sky
377,Aksu,CN,2022-02-11 07:31:25,41.1231,80.2644,37.36,25,0,2.1,clear sky
378,Kutum,SD,2022-02-11 07:31:25,14.2,24.6667,61.5,17,2,13.42,clear sky
379,Passo De Camaragibe,BR,2022-02-11 07:31:25,-9.2368,-35.4901,74.75,78,100,3.22,overcast clouds
380,Dhidhdhoo,MV,2022-02-11 07:31:26,6.8833,73.1,81.3,75,65,8.95,broken clouds
381,Thompson,CA,2022-02-11 07:27:50,55.7435,-97.8558,-29.04,68,0,5.75,clear sky
382,Kloulklubed,PW,2022-02-11 07:31:26,7.0419,134.2556,84.7,74,100,16.13,overcast clouds
383,Hasaki,JP,2022-02-11 07:31:27,35.7333,140.8333,45.28,63,8,21.72,clear sky
384,Bathsheba,BB,2022-02-11 07:31:27,13.2167,-59.5167,75.81,83,75,23.02,broken clouds
385,Kulykiv,UA,2022-02-11 07:31:27,50.3142,24.8176,41.68,92,100,8.9,overcast clouds
386,Vanavara,RU,2022-02-11 07:31:28,60.34,102.2797,-1.53,84,93,1.16,overcast clouds
387,Cayenne,GF,2022-02-11 07:30:05,4.9333,-52.3333,77.09,89,75,5.99,broken clouds
388,Hualmay,PE,2022-02-11 07:31:28,-11.0964,-77.6139,69.31,83,96,5.64,overcast clouds
389,Rio Grande,BR,2022-02-11 07:29:01,-32.035,-52.0986,72.95,81,2,15.64,clear sky
390,Waingapu,ID,2022-02-11 07:31:29,-9.6567,120.2641,82.65,77,98,3.51,moderate rain
391,Jieshi,CN,2022-02-11 07:31:29,22.8134,115.8257,74.95,75,0,16.26,clear sky
392,Lima,PE,2022-02-11 07:27:14,-12.0432,-77.0282,68.25,83,0,9.22,clear sky
393,Atar,MR,2022-02-11 07:31:30,20.5169,-13.0499,63.61,20,61,10.33,broken clouds
394,Jinchang,CN,2022-02-11 07:31:30,38.4953,102.1739,29.98,53,24,14.47,few clouds
395,Puerto Madryn,AR,2022-02-11 07:30:54,-42.7692,-65.0385,56.8,56,5,2.44,clear sky
396,Cabedelo,BR,2022-02-11 07:31:31,-6.9811,-34.8339,75.87,78,100,6.49,overcast clouds
397,Te Anau,NZ,2022-02-11 07:31:31,-45.4167,167.7167,60.35,78,54,5.91,broken clouds
398,Ahipara,NZ,2022-02-11 07:31:31,-35.1667,173.1667,74.46,94,78,9.33,broken clouds
399,Sokoto,NG,2022-02-11 07:31:32,13.0609,5.239,70.47,11,0,18.84,clear sky
400,Bilma,NE,2022-02-11 07:31:32,18.6853,12.9164,61.95,22,0,7.27,clear sky
401,Dir,PK,2022-02-11 07:31:32,35.2058,71.8756,50.59,38,0,0.58,clear sky
402,Tula,RU,2022-02-11 07:31:33,54.2044,37.6111,29.89,97,100,8.55,light snow
403,Waynesville,US,2022-02-11 07:26:53,35.4887,-82.9887,43.74,57,1,3.0,clear sky
404,Namsos,NO,2022-02-11 07:31:33,64.4662,11.4957,30.9,86,75,12.66,broken clouds
405,Avera,US,2022-02-11 07:31:34,33.194,-82.5271,51.71,60,87,6.44,overcast clouds
406,Benguela,AO,2022-02-11 07:31:34,-12.5763,13.4055,79.07,59,100,2.64,overcast clouds
407,Rawson,AR,2022-02-11 07:31:35,-43.3002,-65.1023,55.67,60,7,6.71,clear sky
408,Saint-Augustin,CA,2022-02-11 07:31:35,51.226,-58.6502,29.44,97,100,14.03,light snow
409,San Ignacio,BZ,2022-02-11 07:31:36,17.1561,-89.0714,68.14,94,75,4.61,broken clouds
410,Lafiagi,NG,2022-02-11 07:31:36,8.8667,5.4167,80.91,9,31,3.94,scattered clouds
411,Coaldale,CA,2022-02-11 07:30:38,49.7167,-112.6185,36.55,51,100,6.91,overcast clouds
412,Byron Bay,AU,2022-02-11 07:32:36,-28.65,153.6167,83.05,66,1,19.28,clear sky
413,Nsanje,MW,2022-02-11 07:32:37,-16.92,35.262,85.33,59,97,3.94,overcast clouds
414,Chara,RU,2022-02-11 07:32:37,56.9064,118.2631,-17.86,97,81,0.96,broken clouds
415,Aromashevo,RU,2022-02-11 07:32:38,56.8602,68.6375,1.58,83,11,13.96,few clouds
416,Channel-Port Aux Basques,CA,2022-02-11 07:30:38,47.5702,-59.1367,33.12,92,93,10.49,overcast clouds
417,Leh,IN,2022-02-11 07:32:38,34.1667,77.5833,4.1,78,17,2.17,few clouds
418,Mecca,SA,2022-02-11 07:32:38,21.4267,39.8261,73.87,31,0,9.35,clear sky
419,Santa Isabel,BR,2022-02-11 07:32:39,-23.3156,-46.2214,67.66,97,100,1.32,overcast clouds
420,Turukhansk,RU,2022-02-11 07:32:39,65.8167,87.9833,-2.65,84,24,1.79,few clouds
421,Northam,GB,2022-02-11 07:32:40,51.0333,-4.2167,39.29,73,94,4.05,overcast clouds
422,Hokitika,NZ,2022-02-11 07:32:40,-42.7167,170.9667,63.55,90,100,8.23,overcast clouds
423,Sungairaya,ID,2022-02-11 07:32:40,0.7,108.9,78.51,85,100,5.23,overcast clouds
424,Barga,IT,2022-02-11 07:32:41,44.0742,10.4808,48.56,82,74,3.44,broken clouds
425,Krasnyy Yar,RU,2022-02-11 07:32:41,46.5331,48.3456,39.13,86,100,13.27,overcast clouds
426,Oistins,BB,2022-02-11 07:32:41,13.0667,-59.5333,75.29,83,75,23.02,broken clouds
427,Naze,JP,2022-02-11 07:32:42,28.3667,129.4833,59.92,60,93,10.83,overcast clouds
428,Svetlyy,RU,2022-02-11 07:32:42,54.675,20.1347,37.45,90,100,12.93,overcast clouds
429,Cutlerville,US,2022-02-11 07:32:43,42.8409,-85.6636,31.15,91,100,18.41,snow
430,Yongan,CN,2022-02-11 07:32:43,39.6957,113.6871,35.91,29,100,2.8,overcast clouds
431,Leningradskiy,RU,2022-02-11 07:32:44,69.3833,178.4167,-26.66,95,86,4.43,overcast clouds
432,Aksarka,RU,2022-02-11 07:32:44,66.5606,67.7975,2.95,82,45,17.0,scattered clouds
433,Chapais,CA,2022-02-11 07:32:44,49.7834,-74.8492,-0.62,100,94,1.63,overcast clouds
434,Santa Ana,US,2022-02-11 07:30:38,33.7456,-117.8678,72.86,36,0,3.44,clear sky
435,Teguldet,RU,2022-02-11 07:32:45,57.3064,88.1667,5.18,79,32,2.64,scattered clouds
436,Chenghai,CN,2022-02-11 07:32:45,23.4632,116.768,69.71,68,75,6.71,broken clouds
437,Colchester,GB,2022-02-11 07:31:28,51.8892,0.9042,35.73,88,1,7.52,clear sky
438,Hamilton,US,2022-02-11 07:32:10,39.1834,-84.5333,36.23,76,0,10.36,clear sky
439,Asyut,EG,2022-02-11 07:32:46,27.181,31.1837,48.38,44,4,10.45,clear sky
440,Empalme,MX,2022-02-11 07:32:47,27.9667,-110.8167,62.82,36,0,5.01,clear sky
441,Berlevag,NO,2022-02-11 07:32:47,70.8578,29.0864,26.55,74,75,18.41,broken clouds
442,Harper,LR,2022-02-11 07:32:47,4.375,-7.7169,80.65,82,66,6.08,light rain
443,Yarim,YE,2022-02-11 07:32:48,14.298,44.3779,63.39,25,4,4.79,clear sky
444,Antofagasta,CL,2022-02-11 07:32:48,-23.65,-70.4,63.68,85,5,1.74,clear sky
445,Mrakovo,RU,2022-02-11 07:32:48,52.7161,56.6244,23.13,92,100,5.37,light snow
446,Novoorsk,RU,2022-02-11 07:32:49,51.381,58.9813,20.05,94,100,6.53,light snow
447,Imbituba,BR,2022-02-11 07:32:49,-28.24,-48.6703,75.81,88,36,7.81,scattered clouds
448,Vilyuysk,RU,2022-02-11 07:32:50,63.7553,121.6247,-20.18,98,86,2.75,overcast clouds
449,Roald,NO,2022-02-11 07:32:50,62.5833,6.1333,32.14,69,40,10.36,scattered clouds
450,Sanandaj,IR,2022-02-11 07:31:44,35.3144,46.9923,39.22,87,75,4.61,broken clouds
451,Merauke,ID,2022-02-11 07:32:50,-8.4667,140.3333,83.97,70,97,2.71,overcast clouds
452,Qasigiannguit,GL,2022-02-11 07:32:51,68.8193,-51.1922,-0.15,80,100,3.44,overcast clouds
453,Akyab,MM,2022-02-11 07:32:51,20.15,92.9,80.13,49,4,16.49,clear sky
454,Sao Geraldo Do Araguaia,BR,2022-02-11 07:32:52,-6.4006,-48.555,71.69,99,100,1.81,overcast clouds
455,La Paz,BO,2022-02-11 07:30:03,-16.5,-68.15,42.78,100,75,5.75,fog
456,Sibu,MY,2022-02-11 07:32:52,2.3,111.8167,86.31,70,40,6.91,scattered clouds
457,Luchegorsk,RU,2022-02-11 07:32:53,46.4764,134.2569,17.64,94,100,3.11,light snow
458,Balgazyn,RU,2022-02-11 07:32:53,51.0,95.2,-1.53,86,74,2.55,broken clouds
459,Bolitoc,PH,2022-02-11 07:33:53,15.7395,119.8769,84.96,60,100,5.3,overcast clouds
460,Maniitsoq,GL,2022-02-11 07:33:54,65.4167,-52.9,24.04,89,100,17.58,light snow
461,Tiarei,PF,2022-02-11 07:33:54,-17.5333,-149.3333,82.42,74,94,14.5,overcast clouds
462,Ola,RU,2022-02-11 07:33:55,59.5833,151.2833,-2.24,80,98,4.9,overcast clouds
463,Doka,SD,2022-02-11 07:33:55,13.5167,35.7667,84.85,38,1,10.83,clear sky
464,Buxar,IN,2022-02-11 07:33:55,25.5833,83.9833,72.77,32,0,13.09,clear sky
465,Yagoua,CM,2022-02-11 07:33:56,10.3411,15.2329,73.81,12,0,11.14,clear sky
466,Dayong,CN,2022-02-11 07:33:56,25.0209,118.2898,65.88,64,34,4.85,scattered clouds
467,Romans-Sur-Isere,FR,2022-02-11 07:33:56,45.0464,5.0562,47.86,86,100,6.91,light rain
468,Hit,IQ,2022-02-11 07:33:57,33.6416,42.8251,58.66,47,3,10.22,clear sky
469,Kaseda,JP,2022-02-11 07:33:57,31.4167,130.3167,58.23,49,20,9.78,few clouds
470,The Valley,AI,2022-02-11 07:33:58,18.217,-63.0578,77.09,69,17,23.55,few clouds
471,Lagoa,PT,2022-02-11 07:33:58,39.05,-27.9833,59.05,67,98,7.58,overcast clouds
472,Sao Felix Do Xingu,BR,2022-02-11 07:33:58,-6.6447,-51.995,71.58,99,100,0.58,overcast clouds
473,Anloga,GH,2022-02-11 07:33:59,5.7947,0.8973,80.82,82,9,8.79,clear sky
474,Jalu,LY,2022-02-11 07:33:59,29.0331,21.5482,53.44,59,0,6.04,clear sky
475,Alofi,NU,2022-02-11 07:34:00,-19.0595,-169.9187,78.69,83,95,3.44,overcast clouds
476,Thessalon,CA,2022-02-11 07:34:00,46.2501,-83.5666,25.29,93,100,12.73,light snow
477,Verkhnyaya Inta,RU,2022-02-11 07:34:00,65.9811,60.3094,12.96,70,100,19.51,overcast clouds
478,Laguna,US,2022-02-11 07:34:01,38.421,-121.4238,61.32,78,0,3.44,clear sky
479,Shelburne,CA,2022-02-11 07:32:13,44.0787,-80.2041,27.05,84,96,12.15,overcast clouds
480,Brainerd,US,2022-02-11 07:33:59,46.358,-94.2008,37.42,70,100,11.5,overcast clouds
481,Mount Gambier,AU,2022-02-11 07:34:01,-37.8333,140.7667,69.71,43,0,21.85,clear sky
482,Nyzhni Petrivtsi,UA,2022-02-11 07:34:02,48.0285,25.7233,47.66,75,50,6.53,scattered clouds
483,New Amsterdam,GY,2022-02-11 07:34:02,6.25,-57.5167,72.68,92,74,4.74,broken clouds
484,College,US,2022-02-11 07:29:10,64.8569,-147.8028,-7.28,78,20,5.75,few clouds
485,Kamsack,CA,2022-02-11 07:33:04,51.5667,-101.9009,-1.75,90,98,11.36,overcast clouds
486,Karatsu,JP,2022-02-11 07:34:03,33.4425,129.9697,55.27,25,99,8.99,overcast clouds
487,Haapiti,PF,2022-02-11 07:34:04,-17.5667,-149.8667,82.13,72,99,13.29,light rain
488,Lompoc,US,2022-02-11 07:34:04,34.6391,-120.4579,65.12,50,0,6.91,clear sky
489,Fokino,RU,2022-02-11 07:34:05,42.9836,132.4047,27.63,88,100,6.73,overcast clouds
490,Vanimo,PG,2022-02-11 07:34:05,-2.6741,141.3028,79.5,85,99,4.34,overcast clouds
491,Port Macquarie,AU,2022-02-11 07:34:05,-31.4333,152.9167,75.16,71,34,12.46,scattered clouds
492,Comodoro Rivadavia,AR,2022-02-11 07:30:01,-45.8667,-67.5,57.06,24,0,17.27,clear sky
493,Nanortalik,GL,2022-02-11 07:34:06,60.1432,-45.2371,26.58,70,100,5.48,overcast clouds
494,Najran,SA,2022-02-11 07:34:06,17.4924,44.1277,70.45,23,0,3.29,clear sky
495,Rio Gallegos,AR,2022-02-11 07:34:07,-51.6226,-69.2181,39.25,70,0,10.36,clear sky
496,Ishigaki,JP,2022-02-11 07:34:07,24.3448,124.1572,68.13,83,75,14.97,broken clouds
497,Petrokamenskoye,RU,2022-02-11 07:34:08,57.716,60.6484,11.48,93,100,11.99,light snow
498,Inuvik,CA,2022-02-11 07:34:08,68.3499,-133.7218,-13.94,76,100,4.61,overcast clouds
499,Caravelas,BR,2022-02-11 07:34:08,-17.7125,-39.2481,73.99,92,51,2.91,broken clouds
500,Svetlogorsk,BY,2022-02-11 07:34:09,52.6333,29.7333,33.58,98,100,9.46,overcast clouds
501,Neiafu,TO,2022-02-11 07:34:09,-18.65,-173.9833,82.83,76,9,16.46,clear sky
502,Edd,ER,2022-02-11 07:34:10,13.9297,41.6925,85.41,49,15,9.51,few clouds
503,Port Blair,IN,2022-02-11 07:30:33,11.6667,92.75,86.04,66,40,10.36,scattered clouds
504,Nioro,GM,2022-02-11 07:34:10,13.35,-15.75,74.77,10,2,12.28,clear sky
505,Pangody,RU,2022-02-11 07:34:11,65.85,74.4859,2.23,81,53,16.13,broken clouds
506,Prainha,BR,2022-02-11 07:34:11,-1.8,-53.48,71.58,98,66,2.26,broken clouds
507,Murgab,TM,2022-02-11 07:35:11,37.4966,61.9714,57.07,41,100,6.91,overcast clouds
508,Mbanza-Ngungu,CD,2022-02-11 07:35:12,-5.25,14.8667,75.22,73,62,3.85,broken clouds
509,Mangai,CD,2022-02-11 07:35:12,-4.05,19.5333,80.56,63,88,2.77,overcast clouds
510,Marsh Harbour,BS,2022-02-11 07:35:13,26.5412,-77.0636,72.88,79,3,10.71,clear sky
511,Bunol,ES,2022-02-11 07:35:13,39.4167,-0.7833,46.8,83,78,3.94,broken clouds
512,Dzilam Gonzalez,MX,2022-02-11 07:35:13,21.2833,-88.9333,65.61,91,100,3.78,overcast clouds
513,Batagay-Alyta,RU,2022-02-11 07:35:14,67.8006,130.4114,-17.66,89,92,2.8,overcast clouds
514,Timizart,DZ,2022-02-11 07:35:14,36.8,4.2667,49.84,58,6,1.88,clear sky
515,Dunedin,NZ,2022-02-11 07:32:27,-45.8742,170.5036,61.81,83,100,3.0,overcast clouds
516,Divnomorskoye,RU,2022-02-11 07:35:15,44.5011,38.1353,43.65,80,100,13.33,overcast clouds
517,Mwene-Ditu,CD,2022-02-11 07:35:15,-7.0,23.45,70.84,85,100,2.64,overcast clouds
518,Yuxia,CN,2022-02-11 07:35:15,34.0615,108.6291,48.81,45,29,5.01,scattered clouds
519,Yandyki,RU,2022-02-11 07:35:16,45.7691,47.1258,38.61,83,100,15.28,overcast clouds
520,Biltine,TD,2022-02-11 07:35:16,14.5333,20.9167,72.12,14,0,16.26,clear sky
521,Lodwar,KE,2022-02-11 07:35:17,3.1191,35.5973,93.31,24,6,17.09,clear sky
522,Port Augusta,AU,2022-02-11 07:35:17,-32.5,137.7667,92.71,33,2,20.31,clear sky
523,Qaqortoq,GL,2022-02-11 07:35:17,60.7167,-46.0333,19.9,67,100,7.47,overcast clouds
524,Puerto Colombia,CO,2022-02-11 07:35:18,10.9878,-74.9547,78.89,81,24,26.15,few clouds
525,Port-Gentil,GA,2022-02-11 07:35:18,-0.7193,8.7815,80.56,94,40,4.61,scattered clouds
526,Vinh,VN,2022-02-11 07:32:31,18.6667,105.6667,70.2,84,100,6.42,overcast clouds
527,Garwolin,PL,2022-02-11 07:35:19,51.8975,21.6147,41.68,90,100,3.0,overcast clouds
528,Edson,CA,2022-02-11 07:34:40,53.5835,-116.4356,37.54,35,100,20.71,overcast clouds
529,Tilichiki,RU,2022-02-11 07:35:19,60.4667,166.1,-12.44,79,0,8.08,clear sky
530,Nizwa,OM,2022-02-11 07:35:20,22.9333,57.5333,75.0,28,0,5.14,clear sky
531,Jibuti,DJ,2022-02-11 07:35:20,11.5,42.5,76.42,47,13,17.0,few clouds
532,Dagua,CO,2022-02-11 07:35:20,3.6569,-76.6886,70.3,97,81,0.31,broken clouds
533,Talara,PE,2022-02-11 07:35:21,-4.5772,-81.2719,72.91,76,98,8.5,overcast clouds
534,Ulaangom,MN,2022-02-11 07:35:21,49.9811,92.0667,-15.74,94,99,2.95,overcast clouds
535,Calabozo,VE,2022-02-11 07:35:22,8.9242,-67.4293,74.66,72,93,8.93,overcast clouds
536,Shieli,KZ,2022-02-11 07:35:22,44.1667,66.75,45.95,53,100,15.37,overcast clouds
537,Pandan,PH,2022-02-11 07:35:23,14.0453,124.1694,80.19,72,57,13.49,broken clouds
538,Tecpan,GT,2022-02-11 07:35:23,14.7623,-90.9947,50.05,97,49,3.8,scattered clouds
539,Mancio Lima,BR,2022-02-11 07:35:24,-7.6142,-72.8958,71.24,98,100,1.81,overcast clouds
540,Kawalu,ID,2022-02-11 07:35:24,-7.3817,108.2082,84.65,61,100,2.24,overcast clouds
541,Kyshtovka,RU,2022-02-11 07:35:24,56.555,76.6271,5.7,81,6,7.02,clear sky
542,Ballina,AU,2022-02-11 07:35:25,-28.8667,153.5667,78.98,67,40,18.41,light rain
543,Saint-Paul,RE,2022-02-11 07:35:25,-21.0096,55.2707,84.29,74,67,8.14,broken clouds
544,Storforshei,NO,2022-02-11 07:35:26,66.4043,14.5233,26.65,93,75,3.44,light snow
545,Bokoro,TD,2022-02-11 07:35:26,12.3807,17.0568,71.67,13,3,15.43,clear sky
546,Neuquen,AR,2022-02-11 07:35:26,-38.9516,-68.0591,62.49,42,0,5.75,clear sky
547,Dauriya,RU,2022-02-11 07:35:27,49.9333,116.8667,-0.33,94,88,7.2,overcast clouds
548,Naifaru,MV,2022-02-11 07:35:27,5.4444,73.3657,81.66,71,100,10.87,overcast clouds
549,Asau,RO,2022-02-11 07:35:28,46.4333,26.4,36.28,75,98,6.02,overcast clouds
550,Great Falls,US,2022-02-11 07:31:46,47.5002,-111.3008,34.66,93,100,5.75,snow
551,Tawau,MY,2022-02-11 07:35:28,4.2498,117.8871,87.93,70,83,7.0,broken clouds
552,Shingu,JP,2022-02-11 07:35:29,33.7333,135.9833,54.59,46,11,2.37,few clouds
553,Sao Pedro Do Sul,BR,2022-02-11 07:35:29,-29.6206,-54.1789,66.22,87,40,6.33,scattered clouds
554,Cap-Aux-Meules,CA,2022-02-11 07:35:29,47.3821,-61.8597,32.02,100,100,14.97,overcast clouds
555,Getulio Vargas,UY,2022-02-11 07:36:30,-32.6796,-53.5494,65.84,96,2,5.03,clear sky
556,Taree,AU,2022-02-11 07:36:30,-31.9,152.4667,75.13,53,75,6.91,light rain
557,Allentown,US,2022-02-11 07:33:19,40.6084,-75.4902,40.71,72,0,0.0,clear sky
558,Tommot,RU,2022-02-11 07:36:31,58.9564,126.2925,-12.3,98,100,1.43,overcast clouds
559,Izumo,JP,2022-02-11 07:36:31,35.3667,132.7667,49.95,66,75,6.91,broken clouds
560,Port Hardy,CA,2022-02-11 07:36:31,50.6996,-127.4199,40.75,93,20,6.91,few clouds
561,Plastun,RU,2022-02-11 07:36:32,44.7561,136.2939,25.75,86,100,2.04,overcast clouds
562,Vicuna,CL,2022-02-11 07:35:41,-30.0319,-70.7081,58.73,88,0,0.6,clear sky
563,Voh,NC,2022-02-11 07:36:32,-20.9667,164.7,78.31,92,100,7.83,overcast clouds
564,Waipawa,NZ,2022-02-11 07:36:33,-41.4122,175.5153,62.46,98,100,2.77,moderate rain
565,Quelimane,MZ,2022-02-11 07:36:33,-17.8786,36.8883,84.15,74,40,0.0,scattered clouds
566,Milledgeville,US,2022-02-11 07:36:34,33.0801,-83.2321,46.49,71,88,3.87,overcast clouds
567,Liseleje,DK,2022-02-11 07:36:34,56.0053,11.9483,36.81,94,99,16.31,overcast clouds
568,Mandalgovi,MN,2022-02-11 07:36:34,45.7625,106.2708,2.41,53,100,11.16,overcast clouds
569,Powell River,CA,2022-02-11 07:36:35,49.8496,-124.5361,46.4,92,99,5.37,overcast clouds
570,Tecoanapa,MX,2022-02-11 07:36:35,16.5167,-98.75,70.52,74,1,3.98,clear sky
571,Jam Sahib,PK,2022-02-11 07:36:36,26.2958,68.6292,75.22,11,0,3.33,clear sky
572,Majene,ID,2022-02-11 07:36:36,-3.5403,118.9707,80.65,81,95,3.67,overcast clouds
573,Canchungo,GW,2022-02-11 07:36:36,12.0672,-16.0333,71.73,14,4,9.86,clear sky
574,Buala,SB,2022-02-11 07:36:37,-8.145,159.5921,79.74,85,100,10.67,moderate rain
575,Huilong,CN,2022-02-11 07:36:37,31.8111,121.655,48.92,73,100,11.81,light rain
576,Cap Malheureux,MU,2022-02-11 07:36:37,-19.9842,57.6142,84.69,70,13,1.99,few clouds
577,Saint Andrews,US,2022-02-11 07:36:38,34.0454,-81.1293,47.41,78,0,3.44,clear sky
578,Pindiga,NG,2022-02-11 07:36:38,9.9833,10.9333,67.3,20,1,12.77,clear sky
579,Coolum Beach,AU,2022-02-11 07:32:19,-26.5333,153.1,80.11,72,22,17.18,few clouds
580,Gonbad-E Qabus,IR,2022-02-11 07:36:39,37.25,55.1672,48.11,87,100,4.61,overcast clouds
581,Kholtoson,RU,2022-02-11 07:36:39,50.2981,103.3097,4.19,67,92,2.77,overcast clouds
582,Abnub,EG,2022-02-11 07:36:40,27.2696,31.1511,48.42,44,4,10.49,clear sky
583,Ellenabad,IN,2022-02-11 07:36:40,29.45,74.65,72.66,20,0,9.78,clear sky
584,Mazamari,PE,2022-02-11 07:36:40,-11.3258,-74.5308,66.24,96,90,1.63,overcast clouds
585,Fairbanks,US,2022-02-11 07:36:41,64.8378,-147.7164,-7.26,77,0,5.75,clear sky
586,Rancho Palos Verdes,US,2022-02-11 07:36:41,33.7445,-118.387,73.27,39,0,1.01,clear sky
587,Monrovia,LR,2022-02-11 07:36:42,6.3005,-10.7969,76.77,88,16,5.06,light rain
588,Villarrobledo,ES,2022-02-11 07:36:42,39.2699,-2.6012,45.63,53,83,2.01,broken clouds
589,Kirensk,RU,2022-02-11 07:36:42,57.7853,108.1119,-5.53,87,93,0.81,overcast clouds
590,Andenes,NO,2022-02-11 07:36:43,69.3143,16.1194,30.18,74,75,27.63,broken clouds
591,Ha Giang,VN,2022-02-11 07:36:43,22.8333,104.9833,76.93,52,0,4.43,clear sky
592,Evensk,RU,2022-02-11 07:36:44,61.95,159.2333,-12.24,77,49,6.15,scattered clouds
593,Teya,RU,2022-02-11 07:36:44,60.3778,92.6267,6.71,79,6,3.85,clear sky
594,Chistogorskiy,RU,2022-02-11 07:36:45,53.9835,87.3843,6.28,75,7,1.14,clear sky
595,Ashland,US,2022-02-11 07:36:45,40.8167,-82.2665,29.75,91,74,11.99,broken clouds
596,Catamarca,AR,2022-02-11 07:36:45,-28.4696,-65.7852,70.59,62,98,5.23,overcast clouds
597,Uyuni,BO,2022-02-11 07:36:46,-20.4597,-66.825,46.17,27,59,9.31,broken clouds
598,Tupancireta,BR,2022-02-11 07:36:46,-29.0806,-53.8358,64.9,74,11,6.91,few clouds
599,Masvingo,ZW,2022-02-11 07:36:46,-20.0637,30.8277,81.05,43,69,6.76,broken clouds
600,Bisira,PA,2022-02-11 07:36:47,8.5196,-81.7115,57.45,94,85,6.24,overcast clouds
601,Kismayo,SO,2022-02-11 07:37:47,-0.3582,42.5454,82.18,67,80,18.92,broken clouds
602,Yerbogachen,RU,2022-02-11 07:37:48,61.2767,108.0108,-4.9,92,93,4.83,overcast clouds
603,Itoman,JP,2022-02-11 07:35:45,26.1247,127.6694,68.77,57,40,10.36,scattered clouds
604,Mana,GF,2022-02-11 07:37:48,5.6592,-53.7767,74.46,89,46,5.88,scattered clouds
605,Skibbereen,IE,2022-02-11 07:37:49,51.55,-9.2667,37.2,68,100,9.69,overcast clouds
606,Luganville,VU,2022-02-11 07:37:49,-15.5333,167.1667,81.66,78,100,7.61,overcast clouds
607,Nagato,JP,2022-02-11 07:37:49,34.3833,131.2,54.19,55,43,11.21,scattered clouds
608,Isernia,IT,2022-02-11 07:37:50,41.6002,14.2382,47.48,59,0,2.37,clear sky
609,Sao Jose De Ribamar,BR,2022-02-11 07:37:50,-2.5619,-44.0542,79.18,84,88,8.48,light rain
610,Tambacounda,SN,2022-02-11 07:37:51,13.7539,-13.7586,75.25,15,0,9.22,clear sky
611,Eyl,SO,2022-02-11 07:37:51,7.9803,49.8164,81.01,50,55,20.38,broken clouds
612,Joensuu,FI,2022-02-11 07:37:51,62.6012,29.7632,25.29,91,100,12.66,overcast clouds
613,Borgarnes,IS,2022-02-11 07:37:52,64.5383,-21.9206,32.56,87,100,4.34,light snow
614,Hinganghat,IN,2022-02-11 07:37:52,20.5667,78.8333,76.41,21,34,6.91,scattered clouds
615,Rodrigues Alves,BR,2022-02-11 07:37:53,-7.738,-72.6509,71.26,97,100,1.54,overcast clouds
616,Calabazar De Sagua,CU,2022-02-11 07:37:53,22.6447,-79.8961,70.27,100,75,4.61,broken clouds
617,Balikpapan,ID,2022-02-11 07:37:48,-1.2675,116.8289,78.4,81,99,3.04,overcast clouds
618,Hamina,FI,2022-02-11 07:37:54,60.5697,27.1979,22.98,97,77,8.05,broken clouds
619,Iralaya,HN,2022-02-11 07:37:54,15.0,-83.2333,75.58,84,11,8.75,few clouds
620,Isla Mujeres,MX,2022-02-11 07:35:29,21.2311,-86.731,73.45,75,61,11.83,broken clouds
621,Milkovo,RU,2022-02-11 07:37:55,54.7167,158.6167,-1.19,99,53,1.63,broken clouds
622,Manzhouli,CN,2022-02-11 07:37:55,49.6,117.4333,0.45,92,96,8.28,overcast clouds
623,Kautokeino,NO,2022-02-11 07:37:56,69.0125,23.0412,16.84,86,100,6.76,overcast clouds
624,Maarianhamina,AX,2022-02-11 07:37:56,60.0973,19.9348,30.06,74,0,6.91,clear sky
625,Qiongshan,CN,2022-02-11 07:37:56,20.0058,110.3542,80.58,61,40,8.95,scattered clouds
626,Petropavlovsk-Kamchatskiy,RU,2022-02-11 07:37:57,53.0452,158.6483,16.39,79,0,2.24,clear sky
627,Pampa,US,2022-02-11 07:37:57,35.5362,-100.9599,50.2,45,0,14.97,clear sky
628,Kyzyl-Suu,KG,2022-02-11 07:37:58,42.3414,78.0056,28.49,65,21,3.02,few clouds
629,Malinyi,TZ,2022-02-11 07:37:58,-8.9333,36.1333,79.81,78,100,1.81,overcast clouds
630,Tambopata,PE,2022-02-11 07:37:58,-12.7333,-69.1833,73.81,87,99,3.0,overcast clouds
631,Tromso,NO,2022-02-11 07:37:59,69.6496,18.957,30.22,74,75,11.5,broken clouds
632,Winton,US,2022-02-11 07:37:59,37.3894,-120.6133,67.33,89,0,0.0,clear sky
633,Mocuba,MZ,2022-02-11 07:38:00,-16.8392,36.9856,84.54,63,100,2.13,overcast clouds
634,Tomatlan,MX,2022-02-11 07:38:00,19.9333,-105.25,60.71,50,0,3.87,clear sky
635,Ajdabiya,LY,2022-02-11 07:38:00,30.7554,20.2263,53.13,66,0,4.7,clear sky
636,Fairlie,GB,2022-02-11 07:38:01,55.756,-4.8556,34.02,77,20,6.69,few clouds
637,Angoche,MZ,2022-02-11 07:38:01,-16.2325,39.9086,84.88,64,32,3.27,scattered clouds
638,Lhokseumawe,ID,2022-02-11 07:38:02,5.1801,97.1507,83.93,68,65,8.05,broken clouds
639,Leshukonskoye,RU,2022-02-11 07:38:02,64.8989,45.7622,20.86,93,100,8.93,overcast clouds
640,Sembakung,ID,2022-02-11 07:38:02,3.8167,117.25,85.93,81,100,2.3,overcast clouds
641,Marsabit,KE,2022-02-11 07:38:03,2.3284,37.9899,75.96,42,53,16.06,broken clouds
642,Ekhabi,RU,2022-02-11 07:38:03,53.5102,142.9671,22.28,88,100,6.44,overcast clouds
643,Xam Nua,LA,2022-02-11 07:38:03,20.4197,104.0439,83.23,25,7,3.91,clear sky
644,Vangaindrano,MG,2022-02-11 07:38:04,-23.35,47.6,84.29,68,62,3.76,broken clouds
645,Young,UY,2022-02-11 07:38:04,-32.6833,-57.6333,68.23,87,4,8.23,clear sky
646,Loukhi,RU,2022-02-11 07:39:05,66.0764,33.0381,24.17,97,100,3.74,overcast clouds
647,Santa Cruz,BO,2022-02-11 07:39:05,-17.8,-63.1667,72.86,88,81,2.3,broken clouds
648,Riom,FR,2022-02-11 07:39:05,45.9167,2.9167,32.65,93,94,5.55,overcast clouds
649,Roebourne,AU,2022-02-11 07:39:06,-20.7833,117.1333,91.02,55,4,17.45,clear sky
650,Pontes E Lacerda,BR,2022-02-11 07:34:45,-15.2261,-59.3353,70.7,98,100,1.86,overcast clouds
651,Camacha,PT,2022-02-11 07:39:06,33.0833,-16.3333,59.76,94,40,6.91,scattered clouds
652,Newport,GB,2022-02-11 07:39:07,51.5877,-2.9984,37.51,88,17,2.33,few clouds
653,Dasoguz,TM,2022-02-11 07:39:07,41.8363,59.9666,44.71,87,100,20.71,overcast clouds
654,Nouakchott,MR,2022-02-11 07:39:08,18.0858,-15.9785,64.33,30,91,17.18,overcast clouds
655,Semey,KZ,2022-02-11 07:39:08,50.4111,80.2275,-3.78,71,0,4.47,clear sky
656,Santa Rita,BR,2022-02-11 07:39:08,-7.1139,-34.9781,75.87,94,20,4.61,few clouds
657,Olean,US,2022-02-11 07:39:09,42.0776,-78.4297,30.88,74,100,6.91,overcast clouds
658,Mokhotlong,LS,2022-02-11 07:39:09,-29.2894,29.0675,68.7,47,1,3.91,clear sky
659,Namibe,AO,2022-02-11 07:39:09,-15.1961,12.1522,74.03,83,75,0.0,broken clouds
660,Aswan,EG,2022-02-11 07:39:10,24.0934,32.907,54.7,43,0,8.05,clear sky
661,Minas De Barroteran,MX,2022-02-11 07:39:10,27.6333,-101.2833,52.88,75,0,0.07,clear sky
662,Endicott,US,2022-02-11 07:39:11,42.0984,-76.0494,31.53,88,0,4.61,clear sky
663,Kem,RU,2022-02-11 07:39:11,64.9555,34.5793,23.86,93,100,8.1,overcast clouds
664,Buraydah,SA,2022-02-11 07:39:11,26.326,43.975,59.45,33,0,11.43,clear sky
665,Pershotravneve,UA,2022-02-11 07:39:12,51.3929,28.8684,37.2,93,100,9.37,overcast clouds
